{
    "faithfulness": 2.121893339790404e-05,
    "percentage_performance": 95.05935667826499,
    "model_accuracy": 0.828000009059906,
    "graph_accuracy": 0.7239999771118164
}