{
    "1000": {
        "model_kl": 0.0003741443215403706,
        "circuit_kl": 0.0003549638204276562,
        "faithfulness_kl": 1.918050111271441e-05,
        "percentage_performance_kl": 94.87350201287371,
        "model_accuracy": 0.6133333444595337,
        "graph_accuracy": 0.49666666984558105
    }
}