{
    "200": {
        "model_kl": 0.00031531741842627525,
        "circuit_kl": 0.0003062934265471995,
        "faithfulness_kl": 9.023991879075766e-06,
        "percentage_performance_kl": 97.13812452096246,
        "model_accuracy": 0.21166667342185974,
        "graph_accuracy": 0.1483333259820938
    }
}