{
    "600": {
        "model_kl": 0.00036655087023973465,
        "circuit_kl": 0.0003501865721773356,
        "faithfulness_kl": 1.636429806239903e-05,
        "percentage_performance_kl": 95.53559972407206,
        "model_accuracy": 0.4449999928474426,
        "graph_accuracy": 0.3566666543483734
    }
}