{
    "400": {
        "model_kl": 0.0003570035332813859,
        "circuit_kl": 0.00034652804606594145,
        "faithfulness_kl": 1.0475487215444446e-05,
        "percentage_performance_kl": 97.06571889662847,
        "model_accuracy": 0.3050000071525574,
        "graph_accuracy": 0.28833332657814026
    }
}