{
    "faithfulness": 1.506792614236474e-05,
    "percentage_performance": 96.7790076882504,
    "model_accuracy": 0.9580000042915344,
    "graph_accuracy": 0.9240000247955322
}