{
    "faithfulness": 1.4800723874941468e-05,
    "percentage_performance": 96.44554271368023,
    "model_accuracy": 0.6639999747276306,
    "graph_accuracy": 0.6060000061988831
}