{
  "model_kl": 0.00022163130051922053,
  "circuit_kl": 0.00019715838425327092,
  "faithfulness_kl": 2.4472916265949607e-05,
  "percentage_performance_kl": 88.95782490622202,
  "model_accuracy": 0.05236907675862312,
  "graph_accuracy": 0.03740648552775383
}