{
  "model_kl": 0.0003781489795073867,
  "circuit_kl": 0.00035620550625026226,
  "faithfulness_kl": 2.1943473257124424e-05,
  "percentage_performance_kl": 94.19713540263679,
  "model_accuracy": 0.625,
  "graph_accuracy": 0.5074999928474426
}