{
    "faithfulness": 1.7474842024967074e-05,
    "percentage_performance": 96.09744623411306,
    "model_accuracy": 0.9160000085830688,
    "graph_accuracy": 0.8500000238418579
}