{
    "faithfulness": 2.0823354134336114e-05,
    "percentage_performance": 95.3535997693311,
    "model_accuracy": 0.8859999775886536,
    "graph_accuracy": 0.7699999809265137
}