{
  "model_kl": 0.00039793422911316156,
  "circuit_kl": 0.00037855826667509973,
  "faithfulness_kl": 1.9375962438061833e-05,
  "percentage_performance_kl": 95.13086308728876,
  "model_accuracy": 0.8575000166893005,
  "graph_accuracy": 0.7425000071525574
}