{
    "faithfulness": 3.0334864277392626e-05,
    "percentage_performance": 89.72226292479932,
    "model_accuracy": 0.4880000054836273,
    "graph_accuracy": 0.3019999861717224
}