{
    "faithfulness": 2.6349211111664772e-05,
    "percentage_performance": 91.21478827283808,
    "model_accuracy": 0.4519999921321869,
    "graph_accuracy": 0.3160000145435333
}