{
    "faithfulness": 1.9833416445180774e-05,
    "percentage_performance": 95.55354896700273,
    "model_accuracy": 0.9279999732971191,
    "graph_accuracy": 0.8820000290870667
}