{
    "faithfulness": 2.0563340513035655e-05,
    "percentage_performance": 95.62497341271839,
    "model_accuracy": 0.9539999961853027,
    "graph_accuracy": 0.8799999952316284
}