{
    "faithfulness": 4.1881954530254006e-05,
    "percentage_performance": 89.65366877889892,
    "model_accuracy": 0.6959999799728394,
    "graph_accuracy": 0.4860000014305115
}