{
    "540": {
        "model_kl": 0.00034542192588560283,
        "circuit_kl": 0.00032779097091406584,
        "faithfulness_kl": 1.7630954971536994e-05,
        "percentage_performance_kl": 94.89582054574728,
        "model_accuracy": 0.28166666626930237,
        "graph_accuracy": 0.18333333730697632
    }
}