{
    "135": {
        "model_kl": 0.00032206287141889334,
        "circuit_kl": 0.0003062127507291734,
        "faithfulness_kl": 1.5850120689719915e-05,
        "percentage_performance_kl": 95.07856319485386,
        "model_accuracy": 0.10833333432674408,
        "graph_accuracy": 0.07000000029802322
    }
}