{
    "faithfulness": 2.3078580852597952e-05,
    "percentage_performance": 95.06272936413154,
    "model_accuracy": 0.9599999785423279,
    "graph_accuracy": 0.871999979019165
}