{
    "faithfulness": 4.286225885152817e-05,
    "percentage_performance": 89.84828425929028,
    "model_accuracy": 0.8519999980926514,
    "graph_accuracy": 0.6759999990463257
}