{
    "faithfulness": 2.2374908439815044e-05,
    "percentage_performance": 94.78479077527257,
    "model_accuracy": 0.8840000033378601,
    "graph_accuracy": 0.7580000162124634
}