{
    "faithfulness": 2.0619860151782632e-05,
    "percentage_performance": 94.92647941311856,
    "model_accuracy": 0.8560000061988831,
    "graph_accuracy": 0.7599999904632568
}