{
    "faithfulness": 2.9973831260576844e-05,
    "percentage_performance": 93.47534485276347,
    "model_accuracy": 0.9380000233650208,
    "graph_accuracy": 0.800000011920929
}