{
    "faithfulness": 2.618812141008675e-05,
    "percentage_performance": 91.75347819675676,
    "model_accuracy": 0.5600000023841858,
    "graph_accuracy": 0.4000000059604645
}