{
    "faithfulness": 3.9452483179047704e-05,
    "percentage_performance": 89.34962803989762,
    "model_accuracy": 0.6000000238418579,
    "graph_accuracy": 0.4580000042915344
}