{
    "0.001": {
        "faithfulness": 0.0003021096345037222,
        "percentage_performance": 38.55930427716975,
        "model_accuracy": 0.9599999785423279,
        "graph_accuracy": 0.1459999978542328
    },
    "0.01": {
        "faithfulness": 9.819664410315454e-05,
        "percentage_performance": 80.02953417471817,
        "model_accuracy": 0.9599999785423279,
        "graph_accuracy": 0.621999979019165
    },
    "0.02": {
        "faithfulness": 7.161183748394251e-05,
        "percentage_performance": 85.43614431816648,
        "model_accuracy": 0.9599999785423279,
        "graph_accuracy": 0.7540000081062317
    },
    "0.05": {
        "faithfulness": 3.4063763450831175e-05,
        "percentage_performance": 93.07237808289361,
        "model_accuracy": 0.9599999785423279,
        "graph_accuracy": 0.8500000238418579
    }
}