{
    "0.001": {
        "faithfulness": 0.0002832334430422634,
        "percentage_performance": 39.76099446388003,
        "model_accuracy": 0.9179999828338623,
        "graph_accuracy": 0.18799999356269836
    },
    "0.01": {
        "faithfulness": 8.702956256456673e-05,
        "percentage_performance": 81.49027090578865,
        "model_accuracy": 0.9179999828338623,
        "graph_accuracy": 0.5960000157356262
    },
    "0.02": {
        "faithfulness": 5.327712278813124e-05,
        "percentage_performance": 88.66884905924091,
        "model_accuracy": 0.9179999828338623,
        "graph_accuracy": 0.75
    },
    "0.05": {
        "faithfulness": 2.450274769216776e-05,
        "percentage_performance": 94.78867630169508,
        "model_accuracy": 0.9179999828338623,
        "graph_accuracy": 0.8640000224113464
    }
}