{
    "0.001": {
        "faithfulness": 0.0003156121529173106,
        "percentage_performance": 34.49037286118957,
        "model_accuracy": 0.9739999771118164,
        "graph_accuracy": 0.1599999964237213
    },
    "0.01": {
        "faithfulness": 9.606892126612365e-05,
        "percentage_performance": 80.05957896868325,
        "model_accuracy": 0.9739999771118164,
        "graph_accuracy": 0.5400000214576721
    },
    "0.02": {
        "faithfulness": 5.215028068050742e-05,
        "percentage_performance": 89.17549463483613,
        "model_accuracy": 0.9739999771118164,
        "graph_accuracy": 0.75
    },
    "0.05": {
        "faithfulness": 2.2561463993042707e-05,
        "percentage_performance": 95.31705899082678,
        "model_accuracy": 0.9739999771118164,
        "graph_accuracy": 0.8999999761581421
    }
}