{
    "0.001": {
        "faithfulness": 0.0002970413479488343,
        "percentage_performance": 38.239465912827555,
        "model_accuracy": 0.9639999866485596,
        "graph_accuracy": 0.18000000715255737
    },
    "0.01": {
        "faithfulness": 9.108526865020394e-05,
        "percentage_performance": 81.0616438480505,
        "model_accuracy": 0.9639999866485596,
        "graph_accuracy": 0.6639999747276306
    },
    "0.02": {
        "faithfulness": 4.9425201723352075e-05,
        "percentage_performance": 89.72356247074983,
        "model_accuracy": 0.9639999866485596,
        "graph_accuracy": 0.7720000147819519
    },
    "0.05": {
        "faithfulness": 1.9657862139865756e-05,
        "percentage_performance": 95.91275735464532,
        "model_accuracy": 0.9639999866485596,
        "graph_accuracy": 0.9079999923706055
    }
}