{
    "0.001": {
        "faithfulness": 0.00017099989054258913,
        "percentage_performance": 51.936468569718656,
        "model_accuracy": 0.7360000014305115,
        "graph_accuracy": 0.13199999928474426
    },
    "0.01": {
        "faithfulness": 5.856296047568321e-05,
        "percentage_performance": 83.53950588774039,
        "model_accuracy": 0.7360000014305115,
        "graph_accuracy": 0.49399998784065247
    },
    "0.02": {
        "faithfulness": 3.67619504686445e-05,
        "percentage_performance": 89.66719127023023,
        "model_accuracy": 0.7360000014305115,
        "graph_accuracy": 0.6000000238418579
    },
    "0.05": {
        "faithfulness": 1.551950117573142e-05,
        "percentage_performance": 95.63788005843034,
        "model_accuracy": 0.7360000014305115,
        "graph_accuracy": 0.6759999990463257
    }
}