{
    "faithfulness": 3.0450639314949512e-05,
    "percentage_performance": 92.45657873088524,
    "model_accuracy": 0.37400001287460327,
    "graph_accuracy": 0.27399998903274536
}