{
    "faithfulness": 2.593480166979134e-05,
    "percentage_performance": 94.46842363919527,
    "model_accuracy": 0.9639999866485596,
    "graph_accuracy": 0.8939999938011169
}