{
    "faithfulness": 3.374990774318576e-05,
    "percentage_performance": 89.4581526190578,
    "model_accuracy": 0.5260000228881836,
    "graph_accuracy": 0.32600000500679016
}