{
    "faithfulness": 2.1989952074363828e-05,
    "percentage_performance": 95.41494674602605,
    "model_accuracy": 0.9760000109672546,
    "graph_accuracy": 0.9100000262260437
}