{
    "faithfulness": 4.096218617632985e-05,
    "percentage_performance": 88.88559678529242,
    "model_accuracy": 0.5099999904632568,
    "graph_accuracy": 0.33399999141693115
}