{
    "faithfulness": 1.9879109458997846e-05,
    "percentage_performance": 95.59194126159329,
    "model_accuracy": 0.9539999961853027,
    "graph_accuracy": 0.9039999842643738
}