{
    "675": {
        "model_kl": 0.00043518334859982133,
        "circuit_kl": 0.0004080041544511914,
        "faithfulness_kl": 2.7179194148629904e-05,
        "percentage_performance_kl": 93.75454179575632,
        "model_accuracy": 0.9666666388511658,
        "graph_accuracy": 0.9316666722297668
    }
}