{
    "0": {
        "model_kl": 1.4289651517174207e-05,
        "circuit_kl": 1.3128568753018044e-05,
        "faithfulness_kl": 1.1610827641561627e-06,
        "percentage_performance_kl": 91.87466004499339,
        "model_accuracy": 0.0016666667070239782,
        "graph_accuracy": 0.0
    }
}