{
    "405": {
        "model_kl": 0.0004249975027050823,
        "circuit_kl": 0.0003961732145398855,
        "faithfulness_kl": 2.8824288165196776e-05,
        "percentage_performance_kl": 93.21777469709069,
        "model_accuracy": 0.92166668176651,
        "graph_accuracy": 0.8399999737739563
    }
}