{
    "faithfulness": 1.2743985280394554e-05,
    "percentage_performance": 96.66030909149012,
    "model_accuracy": 0.15000000596046448,
    "graph_accuracy": 0.12999999523162842
}