{
    "faithfulness": 3.3809192245826125e-05,
    "percentage_performance": 91.56327884025232,
    "model_accuracy": 0.5540000200271606,
    "graph_accuracy": 0.40400001406669617
}