{
  "model_kl": 0.00043515089782886207,
  "circuit_kl": 0.0004017683968413621,
  "faithfulness_kl": 3.338250098749995e-05,
  "percentage_performance_kl": 92.32852301257833,
  "model_accuracy": 0.9599999785423279,
  "graph_accuracy": 0.8475000262260437
}