{
  "model_kl": 0.00037386451731435955,
  "circuit_kl": 0.0003468019422143698,
  "faithfulness_kl": 2.7062575099989772e-05,
  "percentage_performance_kl": 92.76139514538778,
  "model_accuracy": 0.6600000262260437,
  "graph_accuracy": 0.5575000047683716
}