{
    "faithfulness": 2.7614878490567207e-05,
    "percentage_performance": 94.22883855771326,
    "model_accuracy": 0.9760000109672546,
    "graph_accuracy": 0.906000018119812
}