{
    "faithfulness": 3.520699101500213e-05,
    "percentage_performance": 90.83502024253157,
    "model_accuracy": 0.3700000047683716,
    "graph_accuracy": 0.2879999876022339
}