{
    "faithfulness": 2.5900080800056458e-05,
    "percentage_performance": 94.41856124417315,
    "model_accuracy": 0.9539999961853027,
    "graph_accuracy": 0.8360000252723694
}