{
    "faithfulness": 4.071305738762021e-05,
    "percentage_performance": 90.53248310737645,
    "model_accuracy": 0.8519999980926514,
    "graph_accuracy": 0.6480000019073486
}