{
  "model_kl": 1.0176237992709503e-05,
  "circuit_kl": 8.47421779326396e-06,
  "faithfulness_kl": 1.702020199445542e-06,
  "percentage_performance_kl": 83.2745637369634,
  "model_accuracy": 0.1550000011920929,
  "graph_accuracy": 0.10750000178813934
}