{
    "faithfulness": 1.907073601614684e-05,
    "percentage_performance": 91.80012551361409,
    "model_accuracy": 0.37400001287460327,
    "graph_accuracy": 0.30799999833106995
}