{
    "faithfulness": 5.134005914442241e-05,
    "percentage_performance": 88.25440485369533,
    "model_accuracy": 0.8820000290870667,
    "graph_accuracy": 0.6919999718666077
}