{
  "model_kl": 0.00018104436458088458,
  "circuit_kl": 0.00014644891780335456,
  "faithfulness_kl": 3.4595446777530015e-05,
  "percentage_performance_kl": 80.89117722188259,
  "model_accuracy": 0.5199999809265137,
  "graph_accuracy": 0.4166666567325592
}