{
    "faithfulness": 2.8189882868900895e-05,
    "percentage_performance": 94.03430194618721,
    "model_accuracy": 0.9679999947547913,
    "graph_accuracy": 0.8519999980926514
}