{
    "170": {
        "model_kl": 0.00041160796536132693,
        "circuit_kl": 0.00039301233482547104,
        "faithfulness_kl": 1.859563053585589e-05,
        "percentage_performance_kl": 95.48219857224292,
        "model_accuracy": 0.8866666555404663,
        "graph_accuracy": 0.7833333611488342
    }
}