{
    "faithfulness": 3.9878563256934285e-05,
    "percentage_performance": 89.60181959069682,
    "model_accuracy": 0.6340000033378601,
    "graph_accuracy": 0.4519999921321869
}