{
    "faithfulness": 3.0397146474570036e-05,
    "percentage_performance": 91.4946972050543,
    "model_accuracy": 0.2720000147819519,
    "graph_accuracy": 0.19200000166893005
}