{
    "faithfulness": 1.93751766346395e-05,
    "percentage_performance": 95.6004029204729,
    "model_accuracy": 0.8579999804496765,
    "graph_accuracy": 0.7979999780654907
}