{
    "faithfulness": 2.4322886019945145e-05,
    "percentage_performance": 94.679416116519,
    "model_accuracy": 0.9900000095367432,
    "graph_accuracy": 0.9100000262260437
}