{
    "faithfulness": 1.9144164980389178e-05,
    "percentage_performance": 90.96634782132804,
    "model_accuracy": 0.20600000023841858,
    "graph_accuracy": 0.17399999499320984
}