{
  "model_kl": 0.0003992220154032111,
  "circuit_kl": 0.0003704675182234496,
  "faithfulness_kl": 2.875449717976153e-05,
  "percentage_performance_kl": 92.7973668609634,
  "model_accuracy": 0.8149999976158142,
  "graph_accuracy": 0.675000011920929
}