{
    "faithfulness": 2.575339749455452e-05,
    "percentage_performance": 92.97804233648166,
    "model_accuracy": 0.7139999866485596,
    "graph_accuracy": 0.5740000009536743
}