{
    "faithfulness": 2.1230021957308054e-05,
    "percentage_performance": 95.47457616919148,
    "model_accuracy": 0.9599999785423279,
    "graph_accuracy": 0.8740000128746033
}