{
    "faithfulness": 2.1103740436956286e-05,
    "percentage_performance": 95.44358156900063,
    "model_accuracy": 0.9539999961853027,
    "graph_accuracy": 0.871999979019165
}