{
    "136": {
        "model_kl": 0.00039731027209199965,
        "circuit_kl": 0.00037522107595577836,
        "faithfulness_kl": 2.208919613622129e-05,
        "percentage_performance_kl": 94.44031587204813,
        "model_accuracy": 0.8349999785423279,
        "graph_accuracy": 0.7583333253860474
    }
}