{
    "102": {
        "model_kl": 0.0003829721827059984,
        "circuit_kl": 0.000366031687008217,
        "faithfulness_kl": 1.6940495697781444e-05,
        "percentage_performance_kl": 95.57657280012256,
        "model_accuracy": 0.79666668176651,
        "graph_accuracy": 0.7099999785423279
    }
}