{
    "0": {
        "model_kl": 1.4289679711509962e-05,
        "circuit_kl": 1.3128612408763729e-05,
        "faithfulness_kl": 1.1610673027462326e-06,
        "percentage_performance_kl": 91.87478427657813,
        "model_accuracy": 0.0016666667070239782,
        "graph_accuracy": 0.0
    }
}