{
    "170": {
        "model_kl": 0.00040393267408944666,
        "circuit_kl": 0.00038643303560093045,
        "faithfulness_kl": 1.749963848851621e-05,
        "percentage_performance_kl": 95.66768434171257,
        "model_accuracy": 0.8416666388511658,
        "graph_accuracy": 0.7599999904632568
    }
}