{
    "faithfulness": 5.023778066970408e-05,
    "percentage_performance": 86.42907549056082,
    "model_accuracy": 0.9520000219345093,
    "graph_accuracy": 0.9039999842643738
}