{
    "faithfulness": 2.9864866519346833e-05,
    "percentage_performance": 93.71188190447407,
    "model_accuracy": 0.972000002861023,
    "graph_accuracy": 0.8799999952316284
}