{
  "model_kl": 0.00030005237204022706,
  "circuit_kl": 0.0002920990518759936,
  "faithfulness_kl": 7.953320164233446e-06,
  "percentage_performance_kl": 97.34935601070097,
  "model_accuracy": 0.7980049848556519,
  "graph_accuracy": 0.7705735564231873
}