{
    "faithfulness": 4.0785467717796564e-05,
    "percentage_performance": 89.45089598784493,
    "model_accuracy": 0.6259999871253967,
    "graph_accuracy": 0.5
}