{
    "0": {
        "model_kl": 2.1301819288055412e-05,
        "circuit_kl": 1.8882539734477177e-05,
        "faithfulness_kl": 2.419279553578235e-06,
        "percentage_performance_kl": 88.64285007367985,
        "model_accuracy": 0.0033333334140479565,
        "graph_accuracy": 0.0
    }
}