{
    "270": {
        "model_kl": 0.0003541933838278055,
        "circuit_kl": 0.0003409546334296465,
        "faithfulness_kl": 1.3238750398159027e-05,
        "percentage_performance_kl": 96.26228184866514,
        "model_accuracy": 0.3016666769981384,
        "graph_accuracy": 0.25333333015441895
    }
}