{
    "675": {
        "model_kl": 0.00036932251532562077,
        "circuit_kl": 0.0003640094364527613,
        "faithfulness_kl": 5.313078872859478e-06,
        "percentage_performance_kl": 98.56139860084753,
        "model_accuracy": 0.4883333444595337,
        "graph_accuracy": 0.3933333456516266
    }
}