{
    "405": {
        "model_kl": 0.0003538700402714312,
        "circuit_kl": 0.0003431202203501016,
        "faithfulness_kl": 1.0749819921329618e-05,
        "percentage_performance_kl": 96.96221247973293,
        "model_accuracy": 0.40666666626930237,
        "graph_accuracy": 0.34833332896232605
    }
}