{
    "faithfulness": 5.4773467127233744e-05,
    "percentage_performance": 88.38886835452364,
    "model_accuracy": 0.9419999718666077,
    "graph_accuracy": 0.7459999918937683
}