{
    "faithfulness": 3.3545540645718575e-05,
    "percentage_performance": 90.79806846745578,
    "model_accuracy": 1.0,
    "graph_accuracy": 0.9599999785423279
}