{
    "faithfulness": 2.1272804588079453e-05,
    "percentage_performance": 90.76521285722706,
    "model_accuracy": 0.3919999897480011,
    "graph_accuracy": 0.27799999713897705
}