{
    "faithfulness": 1.846972736530006e-05,
    "percentage_performance": 95.66037974540721,
    "model_accuracy": 0.8479999899864197,
    "graph_accuracy": 0.7459999918937683
}