{
    "faithfulness": 4.366968641988933e-05,
    "percentage_performance": 89.25412715685864,
    "model_accuracy": 0.7239999771118164,
    "graph_accuracy": 0.5080000162124634
}