{
    "faithfulness": 1.9732455257326365e-05,
    "percentage_performance": 95.74806493626382,
    "model_accuracy": 0.972000002861023,
    "graph_accuracy": 0.9279999732971191
}