{
    "faithfulness": 1.7326936358585954e-05,
    "percentage_performance": 95.78315604048771,
    "model_accuracy": 0.7860000133514404,
    "graph_accuracy": 0.6840000152587891
}