{
    "faithfulness": 4.2132072849199176e-05,
    "percentage_performance": 89.66391610765257,
    "model_accuracy": 0.7039999961853027,
    "graph_accuracy": 0.5559999942779541
}