{
    "faithfulness": 1.933544990606606e-05,
    "percentage_performance": 95.53205554995124,
    "model_accuracy": 0.8640000224113464,
    "graph_accuracy": 0.8059999942779541
}