{
    "faithfulness": 2.481468254700303e-05,
    "percentage_performance": 94.62081633909703,
    "model_accuracy": 0.9380000233650208,
    "graph_accuracy": 0.8619999885559082
}