{
    "0.05": {
        "faithfulness": 2.227698132628575e-06,
        "percentage_performance": 96.26098837840853,
        "model_accuracy": 0.06700000166893005,
        "graph_accuracy": 0.057999998331069946
    }
}