{
    "0.05": {
        "faithfulness": 2.5838904548436403e-05,
        "percentage_performance": 92.31455562316324,
        "model_accuracy": 0.4860000014305115,
        "graph_accuracy": 0.4519999921321869
    }
}