{
    "0.05": {
        "faithfulness": 1.8592618289403617e-07,
        "percentage_performance": 99.63412445409861,
        "model_accuracy": 0.04800000041723251,
        "graph_accuracy": 0.03999999910593033
    }
}