{
    "0.05": {
        "faithfulness": 4.9644258979242295e-06,
        "percentage_performance": 92.41941400976103,
        "model_accuracy": 0.07599999755620956,
        "graph_accuracy": 0.06300000101327896
    }
}