{
    "0.05": {
        "faithfulness": 3.0632130801677704e-05,
        "percentage_performance": 92.36625874062476,
        "model_accuracy": 1.0,
        "graph_accuracy": 0.9639999866485596
    }
}