{
    "0.05": {
        "faithfulness": 1.5935656847432256e-06,
        "percentage_performance": 97.81220950477888,
        "model_accuracy": 0.09300000220537186,
        "graph_accuracy": 0.08399999886751175
    }
}