{
    "0.05": {
        "faithfulness": 4.060973878949881e-06,
        "percentage_performance": 95.1910414562183,
        "model_accuracy": 0.12600000202655792,
        "graph_accuracy": 0.10199999809265137
    }
}