{
    "0.05": {
        "faithfulness": 1.1523952707648277e-06,
        "percentage_performance": 98.26716286539998,
        "model_accuracy": 0.0729999989271164,
        "graph_accuracy": 0.06199999898672104
    }
}