{
    "0.05": {
        "faithfulness": 4.3407781049609184e-06,
        "percentage_performance": 93.76765536907602,
        "model_accuracy": 0.10000000149011612,
        "graph_accuracy": 0.0689999982714653
    }
}