{
    "0.05": {
        "faithfulness": 1.3631710316985846e-05,
        "percentage_performance": 95.47016275738811,
        "model_accuracy": 0.4399999976158142,
        "graph_accuracy": 0.40799999237060547
    }
}