{
    "0.05": {
        "faithfulness": 3.5274788388051093e-06,
        "percentage_performance": 95.59337424138172,
        "model_accuracy": 0.10499999672174454,
        "graph_accuracy": 0.09099999815225601
    }
}