{
    "1000": {
        "model_kl": 0.00042093341471627355,
        "circuit_kl": 0.00040121079655364156,
        "faithfulness_kl": 1.972261816263199e-05,
        "percentage_performance_kl": 95.3145515482714,
        "model_accuracy": 0.8050000071525574,
        "graph_accuracy": 0.6549999713897705
    }
}