{
    "0": {
        "model_kl": 2.467299418640323e-05,
        "circuit_kl": 2.1796049622935243e-05,
        "faithfulness_kl": 2.876944563467987e-06,
        "percentage_performance_kl": 88.33970234122046,
        "model_accuracy": 0.004999999888241291,
        "graph_accuracy": 0.0
    }
}