{
    "800": {
        "model_kl": 0.00042190944077447057,
        "circuit_kl": 0.00040509187965653837,
        "faithfulness_kl": 1.68175611179322e-05,
        "percentage_performance_kl": 96.01394055391097,
        "model_accuracy": 0.7866666913032532,
        "graph_accuracy": 0.6866666674613953
    }
}