{
    "200": {
        "model_kl": 0.00036318195634521544,
        "circuit_kl": 0.00035169313196092844,
        "faithfulness_kl": 1.1488824384287e-05,
        "percentage_performance_kl": 96.83662027158461,
        "model_accuracy": 0.40833333134651184,
        "graph_accuracy": 0.3149999976158142
    }
}