{
    "600": {
        "model_kl": 0.00041203905129805207,
        "circuit_kl": 0.000394790229620412,
        "faithfulness_kl": 1.724882167764008e-05,
        "percentage_performance_kl": 95.81378958540438,
        "model_accuracy": 0.7649999856948853,
        "graph_accuracy": 0.6600000262260437
    }
}