{
    "faithfulness": 4.22371958848089e-05,
    "percentage_performance": 88.38194035163055,
    "model_accuracy": 0.5139999985694885,
    "graph_accuracy": 0.3919999897480011
}