{
    "faithfulness": 4.414370050653815e-05,
    "percentage_performance": 89.6196531854411,
    "model_accuracy": 0.6600000262260437,
    "graph_accuracy": 0.5640000104904175
}