{
    "faithfulness": 4.2407598812133074e-05,
    "percentage_performance": 89.91196332312839,
    "model_accuracy": 0.7580000162124634,
    "graph_accuracy": 0.6039999723434448
}