{
  "model_kl": 0.00019506907847244292,
  "circuit_kl": 0.0001705150498310104,
  "faithfulness_kl": 2.4554028641432524e-05,
  "percentage_performance_kl": 87.41264949129227,
  "model_accuracy": 0.5249999761581421,
  "graph_accuracy": 0.4650000035762787
}