{
    "600": {
        "model_kl": 0.0003585614904295653,
        "circuit_kl": 0.00034668331500142813,
        "faithfulness_kl": 1.1878175428137183e-05,
        "percentage_performance_kl": 96.68726961896917,
        "model_accuracy": 0.49000000953674316,
        "graph_accuracy": 0.3933333456516266
    }
}