{
    "0": {
        "model_kl": 3.214556272723712e-05,
        "circuit_kl": 2.4967790523078293e-05,
        "faithfulness_kl": 7.177772204158828e-06,
        "percentage_performance_kl": 77.67103265522535,
        "model_accuracy": 0.0016666667070239782,
        "graph_accuracy": 0.0016666667070239782
    }
}