{
    "800": {
        "model_kl": 0.00035600067349150777,
        "circuit_kl": 0.00034411504748277366,
        "faithfulness_kl": 1.1885626008734107e-05,
        "percentage_performance_kl": 96.6613473249461,
        "model_accuracy": 0.5333333611488342,
        "graph_accuracy": 0.43166667222976685
    }
}