{
    "faithfulness": 1.771820825524628e-05,
    "percentage_performance": 96.10909487162198,
    "model_accuracy": 0.9480000138282776,
    "graph_accuracy": 0.9120000004768372
}