{
    "faithfulness": 1.813709968701005e-05,
    "percentage_performance": 95.71676161208438,
    "model_accuracy": 0.8119999766349792,
    "graph_accuracy": 0.7480000257492065
}