{
    "faithfulness": 4.303528112359345e-05,
    "percentage_performance": 87.21101491116052,
    "model_accuracy": 0.5339999794960022,
    "graph_accuracy": 0.4180000126361847
}