{
    "faithfulness": 9.866053005680442e-06,
    "percentage_performance": 90.51894707298939,
    "model_accuracy": 0.23399999737739563,
    "graph_accuracy": 0.1720000058412552
}