{
    "faithfulness": 2.806555130518973e-05,
    "percentage_performance": 91.39945435264801,
    "model_accuracy": 0.5680000185966492,
    "graph_accuracy": 0.4300000071525574
}