{
    "faithfulness": 1.7638172721490264e-05,
    "percentage_performance": 95.89626966231268,
    "model_accuracy": 0.8299999833106995,
    "graph_accuracy": 0.7360000014305115
}