{
    "faithfulness": 1.8878112314268947e-05,
    "percentage_performance": 95.23746520227743,
    "model_accuracy": 0.6880000233650208,
    "graph_accuracy": 0.6100000143051147
}