{
    "faithfulness": 2.5712477508932352e-05,
    "percentage_performance": 94.18530500733357,
    "model_accuracy": 0.8920000195503235,
    "graph_accuracy": 0.7680000066757202
}