{
    "faithfulness": 2.124777529388666e-05,
    "percentage_performance": 87.79068425670087,
    "model_accuracy": 0.28200000524520874,
    "graph_accuracy": 0.1899999976158142
}