{
    "faithfulness": 1.259281998500228e-05,
    "percentage_performance": 97.06121869030301,
    "model_accuracy": 0.8539999723434448,
    "graph_accuracy": 0.8159999847412109
}