{
    "faithfulness": 2.589175710454583e-05,
    "percentage_performance": 93.12403189628567,
    "model_accuracy": 0.38999998569488525,
    "graph_accuracy": 0.2540000081062317
}