{
    "faithfulness": 4.292925586923957e-05,
    "percentage_performance": 90.20034366343306,
    "model_accuracy": 0.8659999966621399,
    "graph_accuracy": 0.6940000057220459
}