{
    "faithfulness": 3.5168835893273354e-05,
    "percentage_performance": 92.42081014449039,
    "model_accuracy": 0.9359999895095825,
    "graph_accuracy": 0.7680000066757202
}