{
    "faithfulness": 4.3530832044780254e-05,
    "percentage_performance": 89.60430399112802,
    "model_accuracy": 0.7919999957084656,
    "graph_accuracy": 0.5460000038146973
}