{
    "0.001": {
        "faithfulness": 6.49257763143396e-05,
        "percentage_performance": 28.39177523795431,
        "model_accuracy": 0.12999999523162842,
        "graph_accuracy": 0.01600000075995922
    },
    "0.01": {
        "faithfulness": 2.2027568775229156e-05,
        "percentage_performance": 75.70525628863906,
        "model_accuracy": 0.12999999523162842,
        "graph_accuracy": 0.0560000017285347
    },
    "0.02": {
        "faithfulness": 1.4936915249563754e-05,
        "percentage_performance": 83.5257112789246,
        "model_accuracy": 0.12999999523162842,
        "graph_accuracy": 0.07500000298023224
    },
    "0.05": {
        "faithfulness": 7.351431122515351e-06,
        "percentage_performance": 91.89192702764016,
        "model_accuracy": 0.12999999523162842,
        "graph_accuracy": 0.09799999743700027
    }
}