{
    "0.001": {
        "faithfulness": 0.00022321389405988157,
        "percentage_performance": 45.327850225002386,
        "model_accuracy": 1.0,
        "graph_accuracy": 0.5410000085830688
    },
    "0.01": {
        "faithfulness": 7.873968570493162e-05,
        "percentage_performance": 80.71415801320417,
        "model_accuracy": 1.0,
        "graph_accuracy": 0.8809999823570251
    },
    "0.02": {
        "faithfulness": 4.8056710511446e-05,
        "percentage_performance": 88.22939008415563,
        "model_accuracy": 1.0,
        "graph_accuracy": 0.972000002861023
    },
    "0.05": {
        "faithfulness": 3.211357397958636e-05,
        "percentage_performance": 92.13436899249916,
        "model_accuracy": 1.0,
        "graph_accuracy": 0.9959999918937683
    }
}