{
    "0.001": {
        "faithfulness": 0.00020435797341633588,
        "percentage_performance": 24.158116972155753,
        "model_accuracy": 0.492000013589859,
        "graph_accuracy": 0.02800000086426735
    },
    "0.01": {
        "faithfulness": 6.485046469606459e-05,
        "percentage_performance": 75.93252039273203,
        "model_accuracy": 0.492000013589859,
        "graph_accuracy": 0.24300000071525574
    },
    "0.02": {
        "faithfulness": 5.07618096889928e-05,
        "percentage_performance": 81.16114008984133,
        "model_accuracy": 0.492000013589859,
        "graph_accuracy": 0.34200000762939453
    },
    "0.05": {
        "faithfulness": 2.8748370823450387e-05,
        "percentage_performance": 89.3308269759005,
        "model_accuracy": 0.492000013589859,
        "graph_accuracy": 0.4180000126361847
    }
}