{
    "0.001": {
        "faithfulness": 0.00021689660206902772,
        "percentage_performance": 45.848506387287735,
        "model_accuracy": 1.0,
        "graph_accuracy": 0.5669999718666077
    },
    "0.01": {
        "faithfulness": 7.248585461638868e-05,
        "percentage_performance": 81.90281795183608,
        "model_accuracy": 1.0,
        "graph_accuracy": 0.890999972820282
    },
    "0.02": {
        "faithfulness": 5.595028051175177e-05,
        "percentage_performance": 86.03117232423332,
        "model_accuracy": 1.0,
        "graph_accuracy": 0.9490000009536743
    },
    "0.05": {
        "faithfulness": 2.3087806766852736e-05,
        "percentage_performance": 94.23578235555358,
        "model_accuracy": 1.0,
        "graph_accuracy": 1.0
    }
}