{
    "0.001": {
        "faithfulness": 3.4197726563434117e-05,
        "percentage_performance": 44.163435738586834,
        "model_accuracy": 0.0989999994635582,
        "graph_accuracy": 0.023000000044703484
    },
    "0.01": {
        "faithfulness": 7.828282832633704e-06,
        "percentage_performance": 87.218319421612,
        "model_accuracy": 0.0989999994635582,
        "graph_accuracy": 0.05700000002980232
    },
    "0.02": {
        "faithfulness": 7.025348168099299e-06,
        "percentage_performance": 88.52931630647302,
        "model_accuracy": 0.0989999994635582,
        "graph_accuracy": 0.0689999982714653
    },
    "0.05": {
        "faithfulness": 3.743105480680242e-06,
        "percentage_performance": 93.8884197661044,
        "model_accuracy": 0.0989999994635582,
        "graph_accuracy": 0.07500000298023224
    }
}