{
    "0.001": {
        "faithfulness": 1.4813444067840464e-05,
        "percentage_performance": 63.29808128075176,
        "model_accuracy": 0.04100000113248825,
        "graph_accuracy": 0.019999999552965164
    },
    "0.01": {
        "faithfulness": 2.0399565983098e-06,
        "percentage_performance": 94.94578567151028,
        "model_accuracy": 0.04100000113248825,
        "graph_accuracy": 0.03999999910593033
    },
    "0.02": {
        "faithfulness": 6.164991646073759e-07,
        "percentage_performance": 98.47255627210784,
        "model_accuracy": 0.04100000113248825,
        "graph_accuracy": 0.035999998450279236
    },
    "0.05": {
        "faithfulness": 1.048760168487206e-06,
        "percentage_performance": 97.4015826243023,
        "model_accuracy": 0.04100000113248825,
        "graph_accuracy": 0.03200000151991844
    }
}