{
    "0.001": {
        "faithfulness": 2.8055375878466293e-05,
        "percentage_performance": 61.58824414840824,
        "model_accuracy": 0.0949999988079071,
        "graph_accuracy": 0.029999999329447746
    },
    "0.01": {
        "faithfulness": 6.454421964008361e-06,
        "percentage_performance": 91.16298845117473,
        "model_accuracy": 0.0949999988079071,
        "graph_accuracy": 0.05700000002980232
    },
    "0.02": {
        "faithfulness": 4.068162525072694e-06,
        "percentage_performance": 94.43011327473863,
        "model_accuracy": 0.0949999988079071,
        "graph_accuracy": 0.07199999690055847
    },
    "0.05": {
        "faithfulness": 1.321983290836215e-06,
        "percentage_performance": 98.19001892444933,
        "model_accuracy": 0.0949999988079071,
        "graph_accuracy": 0.07999999821186066
    }
}