{
    "0.001": {
        "faithfulness": 5.0661990826483816e-05,
        "percentage_performance": 47.61767126306158,
        "model_accuracy": 0.16099999845027924,
        "graph_accuracy": 0.028999999165534973
    },
    "0.01": {
        "faithfulness": 1.820943725761026e-05,
        "percentage_performance": 81.17222175872007,
        "model_accuracy": 0.16099999845027924,
        "graph_accuracy": 0.07800000160932541
    },
    "0.02": {
        "faithfulness": 1.1136347893625498e-05,
        "percentage_performance": 88.48549323119266,
        "model_accuracy": 0.16099999845027924,
        "graph_accuracy": 0.10499999672174454
    },
    "0.05": {
        "faithfulness": 6.455120455939323e-06,
        "percentage_performance": 93.32568191175802,
        "model_accuracy": 0.16099999845027924,
        "graph_accuracy": 0.1459999978542328
    }
}