{
    "0.001": {
        "faithfulness": 0.00025634693156462163,
        "percentage_performance": 28.35813411291189,
        "model_accuracy": 0.4749999940395355,
        "graph_accuracy": 0.02500000037252903
    },
    "0.01": {
        "faithfulness": 8.224800694733858e-05,
        "percentage_performance": 77.01396054465303,
        "model_accuracy": 0.4749999940395355,
        "graph_accuracy": 0.3009999990463257
    },
    "0.02": {
        "faithfulness": 5.0197908421978354e-05,
        "percentage_performance": 85.97107521034192,
        "model_accuracy": 0.4749999940395355,
        "graph_accuracy": 0.375
    },
    "0.05": {
        "faithfulness": 3.1046976801007986e-05,
        "percentage_performance": 91.32323006715357,
        "model_accuracy": 0.4749999940395355,
        "graph_accuracy": 0.4230000078678131
    }
}