{
    "0.001": {
        "faithfulness": 5.5999422329477966e-05,
        "percentage_performance": 43.67573389661732,
        "model_accuracy": 0.18299999833106995,
        "graph_accuracy": 0.029999999329447746
    },
    "0.01": {
        "faithfulness": 1.7719583411235362e-05,
        "percentage_performance": 82.17762809367163,
        "model_accuracy": 0.18299999833106995,
        "graph_accuracy": 0.09399999678134918
    },
    "0.02": {
        "faithfulness": 1.3473880244418979e-05,
        "percentage_performance": 86.44795991168147,
        "model_accuracy": 0.18299999833106995,
        "graph_accuracy": 0.11900000274181366
    },
    "0.05": {
        "faithfulness": 9.075512934941798e-06,
        "percentage_performance": 90.87184145284881,
        "model_accuracy": 0.18299999833106995,
        "graph_accuracy": 0.1420000046491623
    }
}