{
    "0.001": {
        "faithfulness": 0.0002205233759013936,
        "percentage_performance": 45.84257712158744,
        "model_accuracy": 1.0,
        "graph_accuracy": 0.5479999780654907
    },
    "0.01": {
        "faithfulness": 7.964641554281116e-05,
        "percentage_performance": 80.43996655832741,
        "model_accuracy": 1.0,
        "graph_accuracy": 0.8700000047683716
    },
    "0.02": {
        "faithfulness": 4.860985791310668e-05,
        "percentage_performance": 88.0621062492857,
        "model_accuracy": 1.0,
        "graph_accuracy": 0.9729999899864197
    },
    "0.05": {
        "faithfulness": 2.9634276870638132e-05,
        "percentage_performance": 92.72224063494863,
        "model_accuracy": 1.0,
        "graph_accuracy": 0.9929999709129333
    }
}