{
    "0.001": {
        "faithfulness": 1.9435090507613495e-05,
        "percentage_performance": 67.37343509622872,
        "model_accuracy": 0.07000000029802322,
        "graph_accuracy": 0.017000000923871994
    },
    "0.01": {
        "faithfulness": 3.925502824131399e-06,
        "percentage_performance": 93.41008097588801,
        "model_accuracy": 0.07000000029802322,
        "graph_accuracy": 0.04100000113248825
    },
    "0.02": {
        "faithfulness": 1.5022451407276094e-06,
        "percentage_performance": 97.47811318058312,
        "model_accuracy": 0.07000000029802322,
        "graph_accuracy": 0.052000001072883606
    },
    "0.05": {
        "faithfulness": 1.1569427442736924e-06,
        "percentage_performance": 98.05778792122393,
        "model_accuracy": 0.07000000029802322,
        "graph_accuracy": 0.0560000017285347
    }
}