{
    "0.001": {
        "faithfulness": 4.934120624966454e-05,
        "percentage_performance": 36.149669690016204,
        "model_accuracy": 0.10899999737739563,
        "graph_accuracy": 0.017000000923871994
    },
    "0.01": {
        "faithfulness": 1.8517002899898216e-05,
        "percentage_performance": 76.03794391391745,
        "model_accuracy": 0.10899999737739563,
        "graph_accuracy": 0.0560000017285347
    },
    "0.02": {
        "faithfulness": 1.2415330274961889e-05,
        "percentage_performance": 83.93385571174096,
        "model_accuracy": 0.10899999737739563,
        "graph_accuracy": 0.07100000232458115
    },
    "0.05": {
        "faithfulness": 6.789690814912319e-06,
        "percentage_performance": 91.21375348950326,
        "model_accuracy": 0.10899999737739563,
        "graph_accuracy": 0.08399999886751175
    }
}