{
    "0.001": {
        "faithfulness": 0.00022081189672462642,
        "percentage_performance": 29.969773717782864,
        "model_accuracy": 0.4490000009536743,
        "graph_accuracy": 0.024000000208616257
    },
    "0.01": {
        "faithfulness": 6.002318696118891e-05,
        "percentage_performance": 80.96371876958254,
        "model_accuracy": 0.4490000009536743,
        "graph_accuracy": 0.2630000114440918
    },
    "0.02": {
        "faithfulness": 3.94915696233511e-05,
        "percentage_performance": 87.47529640392437,
        "model_accuracy": 0.4490000009536743,
        "graph_accuracy": 0.35199999809265137
    },
    "0.05": {
        "faithfulness": 2.2814725525677204e-05,
        "percentage_performance": 92.76433736211975,
        "model_accuracy": 0.4490000009536743,
        "graph_accuracy": 0.42500001192092896
    }
}