{
    "faithfulness": 2.5746499886736274e-05,
    "percentage_performance": 94.11592474895622,
    "model_accuracy": 0.8700000047683716,
    "graph_accuracy": 0.7239999771118164
}