{
    "faithfulness": 2.3159460397437215e-05,
    "percentage_performance": 94.93682008812794,
    "model_accuracy": 0.9520000219345093,
    "graph_accuracy": 0.8619999885559082
}