{
    "faithfulness": 1.8252496374771e-05,
    "percentage_performance": 96.17498586854244,
    "model_accuracy": 0.9800000190734863,
    "graph_accuracy": 0.878000020980835
}