{
    "faithfulness": 4.24706086050719e-05,
    "percentage_performance": 87.86231425987748,
    "model_accuracy": 0.5720000267028809,
    "graph_accuracy": 0.3779999911785126
}