{
    "faithfulness": 1.8664461094886065e-05,
    "percentage_performance": 95.94317127551751,
    "model_accuracy": 0.9300000071525574,
    "graph_accuracy": 0.8759999871253967
}