{
    "675": {
        "model_kl": 0.0003905651392415166,
        "circuit_kl": 0.0003709661541506648,
        "faithfulness_kl": 1.9598985090851784e-05,
        "percentage_performance_kl": 94.98189082391907,
        "model_accuracy": 0.6349999904632568,
        "graph_accuracy": 0.46833333373069763
    }
}