{
    "405": {
        "model_kl": 0.00037007295759394765,
        "circuit_kl": 0.0003535216674208641,
        "faithfulness_kl": 1.6551290173083544e-05,
        "percentage_performance_kl": 95.52756021928953,
        "model_accuracy": 0.503333330154419,
        "graph_accuracy": 0.3883333206176758
    }
}