{
    "0": {
        "model_kl": 1.5769632227602415e-05,
        "circuit_kl": 1.5708719729445875e-05,
        "faithfulness_kl": 6.09124981565401e-08,
        "percentage_performance_kl": 99.6137354550988,
        "model_accuracy": 0.0033333334140479565,
        "graph_accuracy": 0.0016666667070239782
    }
}