{
    "faithfulness": 5.120105925016105e-05,
    "percentage_performance": 88.20165973690095,
    "model_accuracy": 0.8299999833106995,
    "graph_accuracy": 0.6639999747276306
}