{
    "faithfulness": 2.219280577264726e-05,
    "percentage_performance": 95.19043120735195,
    "model_accuracy": 0.9359999895095825,
    "graph_accuracy": 0.843999981880188
}