{
    "faithfulness": 2.4962821044027805e-05,
    "percentage_performance": 94.48397546627126,
    "model_accuracy": 0.9480000138282776,
    "graph_accuracy": 0.828000009059906
}