{
    "faithfulness": 4.044960951432586e-05,
    "percentage_performance": 89.66719969809837,
    "model_accuracy": 0.6039999723434448,
    "graph_accuracy": 0.39399999380111694
}