{
    "0": {
        "model_kl": 1.575180795043707e-05,
        "circuit_kl": 1.507187062088633e-05,
        "faithfulness_kl": 6.799373295507394e-07,
        "percentage_performance_kl": 95.6834330910448,
        "model_accuracy": 0.10166666656732559,
        "graph_accuracy": 0.07666666805744171
    }
}