{
    "270": {
        "model_kl": 0.0004112856404390186,
        "circuit_kl": 0.0003866549232043326,
        "faithfulness_kl": 2.4630717234686017e-05,
        "percentage_performance_kl": 94.01128684959814,
        "model_accuracy": 0.8833333253860474,
        "graph_accuracy": 0.7950000166893005
    }
}