{
    "675": {
        "model_kl": 0.000442085467511788,
        "circuit_kl": 0.00041524445987306535,
        "faithfulness_kl": 2.6841007638722658e-05,
        "percentage_performance_kl": 93.92854784623587,
        "model_accuracy": 0.9733333587646484,
        "graph_accuracy": 0.9133333563804626
    }
}