{
    "540": {
        "model_kl": 0.000437538226833567,
        "circuit_kl": 0.0004112075548619032,
        "faithfulness_kl": 2.6330671971663833e-05,
        "percentage_performance_kl": 93.98208651111081,
        "model_accuracy": 0.9599999785423279,
        "graph_accuracy": 0.8916666507720947
    }
}