{
    "faithfulness": 2.149443025700748e-05,
    "percentage_performance": 95.41988354344312,
    "model_accuracy": 0.9620000123977661,
    "graph_accuracy": 0.8740000128746033
}