{
    "faithfulness": 4.588515730574727e-05,
    "percentage_performance": 88.61545935761696,
    "model_accuracy": 0.7080000042915344,
    "graph_accuracy": 0.4480000138282776
}