{
    "faithfulness": 1.7834478057920933e-05,
    "percentage_performance": 95.7983053838832,
    "model_accuracy": 0.828000009059906,
    "graph_accuracy": 0.7639999985694885
}