{
    "faithfulness": 1.180273829959333e-05,
    "percentage_performance": 97.25363384470877,
    "model_accuracy": 0.8360000252723694,
    "graph_accuracy": 0.7720000147819519
}