{
    "faithfulness": 4.552231985144317e-05,
    "percentage_performance": 86.31956760970121,
    "model_accuracy": 0.984000027179718,
    "graph_accuracy": 0.9639999866485596
}