{
    "faithfulness": 4.0098733734339476e-05,
    "percentage_performance": 88.63779500740928,
    "model_accuracy": 0.5440000295639038,
    "graph_accuracy": 0.46000000834465027
}