{
    "faithfulness": 2.766144461929798e-05,
    "percentage_performance": 93.57647227864987,
    "model_accuracy": 0.8659999966621399,
    "graph_accuracy": 0.7279999852180481
}