{
  "model_kl": 0.00042495556408539414,
  "circuit_kl": 0.000392114365240559,
  "faithfulness_kl": 3.284119884483516e-05,
  "percentage_performance_kl": 92.27185107800217,
  "model_accuracy": 0.987500011920929,
  "graph_accuracy": 0.9200000166893005
}