{
    "faithfulness": 1.9780825823545456e-05,
    "percentage_performance": 95.70949582990397,
    "model_accuracy": 0.9319999814033508,
    "graph_accuracy": 0.8399999737739563
}