{
    "0": {
        "model_kl": 3.098709203186445e-05,
        "circuit_kl": 2.76397549896501e-05,
        "faithfulness_kl": 3.347337042214349e-06,
        "percentage_performance_kl": 89.19764062154579,
        "model_accuracy": 0.004999999888241291,
        "graph_accuracy": 0.0016666667070239782
    }
}