{
    "1000": {
        "model_kl": 0.000386864528991282,
        "circuit_kl": 0.00037089764373376966,
        "faithfulness_kl": 1.596688525751233e-05,
        "percentage_performance_kl": 95.87274509266986,
        "model_accuracy": 0.6549999713897705,
        "graph_accuracy": 0.49666666984558105
    }
}