{
    "400": {
        "model_kl": 0.00036523304879665375,
        "circuit_kl": 0.0003505788918118924,
        "faithfulness_kl": 1.4654156984761357e-05,
        "percentage_performance_kl": 95.98772426727457,
        "model_accuracy": 0.47999998927116394,
        "graph_accuracy": 0.38333332538604736
    }
}