{
    "faithfulness": 9.254217729903758e-07,
    "percentage_performance": 98.65029262106766,
    "model_accuracy": 0.009999999776482582,
    "graph_accuracy": 0.009999999776482582
}