{
    "faithfulness": 4.045705281896517e-06,
    "percentage_performance": 91.1268464210171,
    "model_accuracy": 0.20999999344348907,
    "graph_accuracy": 0.12600000202655792
}