{
    "0": {
        "model_kl": 4.431354682310484e-06,
        "circuit_kl": 4.820441063202452e-06,
        "faithfulness_kl": 3.8908638089196756e-07,
        "percentage_performance_kl": 91.21969671159114,
        "model_accuracy": 0.011666666716337204,
        "graph_accuracy": 0.008333333767950535
    }
}