{
    "270": {
        "model_kl": 0.00044440949568524957,
        "circuit_kl": 0.0004170773026999086,
        "faithfulness_kl": 2.7332192985340953e-05,
        "percentage_performance_kl": 93.84977295698947,
        "model_accuracy": 0.8866666555404663,
        "graph_accuracy": 0.79666668176651
    }
}