{
    "135": {
        "model_kl": 0.00043013010872527957,
        "circuit_kl": 0.0004098739300388843,
        "faithfulness_kl": 2.0256178686395288e-05,
        "percentage_performance_kl": 95.29068570753489,
        "model_accuracy": 0.8550000190734863,
        "graph_accuracy": 0.7433333396911621
    }
}