{
    "faithfulness": 1.4186400221660733e-05,
    "percentage_performance": 96.45742703651196,
    "model_accuracy": 0.621999979019165,
    "graph_accuracy": 0.5979999899864197
}