{
    "faithfulness": 2.8148555429652333e-05,
    "percentage_performance": 94.01508047470105,
    "model_accuracy": 0.9679999947547913,
    "graph_accuracy": 0.8939999938011169
}