{
    "faithfulness": 6.203903467394412e-05,
    "percentage_performance": 82.83101804775012,
    "model_accuracy": 0.9539999961853027,
    "graph_accuracy": 0.9580000042915344
}