{
  "model_kl": 0.0003633044252637774,
  "circuit_kl": 0.00027991778915748,
  "faithfulness_kl": 8.338663610629737e-05,
  "percentage_performance_kl": 77.04772353219907,
  "model_accuracy": 0.8399999737739563,
  "graph_accuracy": 0.7149999737739563
}