{
    "102": {
        "model_kl": 0.00040360912680625916,
        "circuit_kl": 0.0003757243975996971,
        "faithfulness_kl": 2.7884729206562042e-05,
        "percentage_performance_kl": 93.0911549430974,
        "model_accuracy": 0.7549999952316284,
        "graph_accuracy": 0.5683333277702332
    }
}