{
    "faithfulness": 2.4238688638433814e-05,
    "percentage_performance": 94.94008800766197,
    "model_accuracy": 0.972000002861023,
    "graph_accuracy": 0.8920000195503235
}