{
    "faithfulness": 1.4578137779608369e-05,
    "percentage_performance": 96.90584592576577,
    "model_accuracy": 0.9779999852180481,
    "graph_accuracy": 0.9359999895095825
}