{
    "faithfulness": 3.612207365222275e-05,
    "percentage_performance": 89.95277383972345,
    "model_accuracy": 0.39800000190734863,
    "graph_accuracy": 0.2639999985694885
}