{
  "model_kl": 0.00042918301187455654,
  "circuit_kl": 0.00039438772364519536,
  "faithfulness_kl": 3.4795288229361176e-05,
  "percentage_performance_kl": 91.89266879940455,
  "model_accuracy": 0.9674999713897705,
  "graph_accuracy": 0.8475000262260437
}