{
    "faithfulness": 4.288935451768339e-05,
    "percentage_performance": 89.89907138878233,
    "model_accuracy": 0.7979999780654907,
    "graph_accuracy": 0.6320000290870667
}