{
    "faithfulness": 4.14994137827307e-05,
    "percentage_performance": 90.31400455406697,
    "model_accuracy": 0.8659999966621399,
    "graph_accuracy": 0.6980000138282776
}