{
    "faithfulness": 3.839263808913529e-05,
    "percentage_performance": 90.76949763366922,
    "model_accuracy": 0.7480000257492065,
    "graph_accuracy": 0.5600000023841858
}