{
  "model_kl": 0.00038874856545589864,
  "circuit_kl": 0.00037369548226706684,
  "faithfulness_kl": 1.5053083188831806e-05,
  "percentage_performance_kl": 96.12780997116258,
  "model_accuracy": 0.637499988079071,
  "graph_accuracy": 0.5450000166893005
}