{
    "faithfulness": 2.860106178559363e-05,
    "percentage_performance": 94.18633817719865,
    "model_accuracy": 0.9879999756813049,
    "graph_accuracy": 0.9259999990463257
}