{
    "faithfulness": 3.540952457115054e-05,
    "percentage_performance": 91.26193970743999,
    "model_accuracy": 0.6399999856948853,
    "graph_accuracy": 0.5680000185966492
}